Customer Name,Product Name,Product ID,Category,Sub-Category,Quantity,Price
Phillip Breyer,"Advantus Photo Frame, Duo Pack",FUR-FU-10001366,Furniture,Furnishings,1,53.04
Phillip Breyer,"Accos Rubber Bands, Metal",OFF-FA-10003745,Office Supplies,Fasteners,1,16.8
Phillip Breyer,Acme Galleria Hot Forged Steel Scissors with Colored Handles,OFF-SU-10004884,Office Supplies,Supplies,1,15.73
Anthony Jacobs,"1/4 Fold Party Design Invitations & White Envelopes, 24 8-1/2"" X 11"" Cards, 25 Env./Pack",OFF-PA-10001583,Office Supplies,Paper,1,7.35
Thomas Boland,"""While you Were Out"" Message Book, One Form per Page",OFF-PA-10003424,Office Supplies,Paper,2,2.97
Thomas Boland,"1/4 Fold Party Design Invitations & White Envelopes, 24 8-1/2"" X 11"" Cards, 25 Env./Pack",OFF-PA-10001583,Office Supplies,Paper,1,7.35
Katherine Murray,"Acco Data Flex Cable Posts For Top & Bottom Load Binders, 6"" Capacity",OFF-BI-10001628,Office Supplies,Binders,1,8.34
Katherine Murray,"#10-4 1/8"" x 9 1/2"" Premium Diagonal Seam Envelopes",OFF-EN-10002986,Office Supplies,Envelopes,1,15.74
Katherine Murray,"#10 White Business Envelopes,4 1/8 x 9 1/2",OFF-EN-10004483,Office Supplies,Envelopes,1,15.67
