Customer ID,Customer Name,password,role,Email
RH-19495,Rick Hansen,123,user,
JR-16210,Justin Ritter,123,user,
CR-12730,Craig Reiter,123,user,
KM-16375,Katherine Murray,123,user,
RH-9495,Rick Hansen,123,user,
JM-15655,Jim Mitchum,123,user,
TS-21340,Toby Swindell,123,user,
MB-18085,Mick Brown,123,user,
JW-15220,Jane Waco,123,user,
JH-15985,Joseph Holt,123,user,
GM-14695,Greg Maxwell,123,user,
AJ-10780,Anthony Jacobs,123,user,
MM-7260,Magdelene Morse,123,user,
VF-21715,Vicky Freymann,123,user,
PF-19120,Peter Fuller,123,user,
BP-11185,Ben Peterman,123,user,
TB-21175,Thomas Boland,123,user,
PJ-18835,Patrick Jones,123,user,
JS-15685,Jim Sink,123,user,
RH-9555,Ritsa Hightower,123,user,
AB-600,Ann Blume,123,user,
SA-20830,Sue Ann Reed,123,user,
JK-15325,Jason Klamczynski,123,user,
LB-16795,Laurel Beltran,123,user,
NP-18325,Naresj Patel,123,user,
VD-21670,Valerie Dominguez,123,user,
PB-19210,Phillip Breyer,123,user,
EB-14110,Eugene Barchas,123,user,
KF-16285,Karen Ferguson,123,user,
BP-11230,Benjamin Patterson,123,user,
RR-19525,Rick Reed,123,user,
BS-11365,Bill Shonely,123,user,
JE-15745,Joel Eaton,123,user,
DP-13105,Dave Poirier,123,user,
NP-18700,Nora Preis,123,user,
AH-30,Aaron Hawkins,123,user,
DM-13015,Darrin Martin,123,user,
GT-14635,Grant Thornton,123,user,
PO-18865,Patrick O'Donnell,123,user,
DL-12865,Dan Lawera,123,user,
JB-16000,Joy Bell-,123,user,
BF-11005,Barry Franz,123,user,
VG-21805,Vivek Grady,123,user,
GT-14710,Greg Tran,123,user,
ZC-21910,Zuschuss Carroll,123,user,
SC-20095,Sanjit Chand,123,user,
EB-13840,Ellis Ballard,123,user,
AP-10915,Arthur Prichep,123,user,
SW-20275,Scott Williamson,123,user,
JH-15820,John Huston,123,user,
LC-16885,Lena Creighton,123,user,
TG-11640,Trudy Glocke,123,user,
HR-14830,Harold Ryan,123,user,
DG-3300,Deirdre Greer,123,user,
SG-20470,Sheri Gordon,123,user,
FH-14365,Fred Hopkins,123,user,
GP-14740,Guy Phonely,123,user,
MW-18220,Mitch Webber,123,user,
PO-18850,Patrick O'Brill,123,user,
CS-12460,Chuck Sachs,123,user,
KD-16495,Keith Dawkins,123,user,
MS-17980,Michael Stewart,123,user,
KC-16675,Kimberly Carter,123,user,
DB-13405,Denny Blanton,123,user,
JD-15895,Jonathan Doherty,123,user,
DK-13090,Dave Kipp,123,user,
CS-11845,Cari Sayre,123,user,
EM-14200,Evan Minnotte,123,user,
DW-3480,Dianna Wilson,123,user,
AS-10225,Alan Schoenberger,123,user,
ST-20530,Shui Tom,123,user,
BW-1065,Barry Weirich,123,user,
LA-16780,Laura Armstrong,123,user,
AB-10150,Aimee Bixby,123,user,
CM-12385,Christopher Martinez,123,user,
BE-11410,Bobby Elias,123,user,
SZ-20035,Sam Zeldin,123,user,
RM-19375,Raymond Messe,123,user,
HG-14845,Harry Greene,123,user,
DP-3105,Dave Poirier,123,user,
AR-10540,Andy Reiter,123,user,
TP-21415,Tom Prescott,123,user,
AM-10705,Anne McFarland,123,user,
AB-255,Alejandro Ballentine,123,user,
RP-19270,Rachel Payne,123,user,
BK-11260,Berenike Kampe,123,user,
JM-15250,Janet Martin,123,user,
LW-16990,Lindsay Williams,123,user,
NZ-18565,Nick Zandusky,123,user,
SV-10815,Stuart Van,123,user,
SC-20695,Steve Chapman,123,user,
NC-18625,Noah Childs,123,user,
NF-18385,Natalie Fritzler,123,user,
PM-18940,Paul MacIntyre,123,user,
MZ-17335,Maria Zettner,123,user,
HM-4980,Henry MacAllister,123,user,
RW-19540,Rick Wilson,123,user,
LH-17155,Logan Haushalter,123,user,
KM-16660,Khloe Miller,123,user,
AB-10060,Adam Bellavance,123,user,
DB-13060,Dave Brooks,123,user,
VM-21685,Valerie Mitchum,123,user,
DM-13525,Don Miller,123,user,
NM-18520,Neoma Murray,123,user,
RO-19780,Rose O'Brian,123,user,
SB-20185,Sarah Brown,123,user,
EM-14065,Erin Mull,123,user,
RS-19765,Roland Schwarz,123,user,
ON-18715,Odella Nelson,123,user,
VS-21820,Vivek Sundaresam,123,user,
CM-12115,Chad McGuire,123,user,
TB-21400,Tom Boeckenhauer,123,user,
AB-10105,Adrian Barton,123,user,
DW-13540,Don Weiss,123,user,
PS-19045,Penelope Sewall,123,user,
CC-12370,Christopher Conant,123,user,
TC-21295,Toby Carlisle,123,user,
GM-14440,Gary McGarr,123,user,
SV-20815,Stuart Van,123,user,
MM-17920,Michael Moore,123,user,
JK-16120,Julie Kriz,123,user,
DJ-13510,Don Jones,123,user,
AT-10435,Alyssa Tate,123,user,
AB-10015,Aaron Bergman,123,user,
RP-19390,Resi Pölking,123,user,
MJ-17740,Max Jones,123,user,
PV-18985,Paul Van Hugh,123,user,
SB-20290,Sean Braxton,123,user,
SM-10005,Sally Matthias,123,user,
KH-16330,Katharine Harms,123,user,
MP-18175,Mike Pelletier,123,user,
LH-17020,Lisa Hazard,123,user,
ND-18370,Natalie DeCherney,123,user,
CR-12625,Corey Roper,123,user,
GM-14680,Greg Matthias,123,user,
RA-19945,Ryan Akin,123,user,
BW-11110,Bart Watters,123,user,
RF-19735,Roland Fjeld,123,user,
AG-10675,Anna Gayman,123,user,
DM-12955,Dario Medina,123,user,
KD-16270,Karen Daniels,123,user,
BE-11335,Bill Eplett,123,user,
SO-20335,Sean O'Donnell,123,user,
DK-12835,Damala Kotsonis,123,user,
LC-7050,Liz Carlisle,123,user,
CG-12520,Claire Gute,123,user,
TB-21280,Toby Braunhardt,123,user,
HG-15025,Hunter Glantz,123,user,
AD-10180,Alan Dominguez,123,user,
BP-11155,Becky Pak,123,user,
AA-10480,Andrew Allen,123,user,
RL-19615,Rob Lucas,123,user,
CS-12505,Cindy Stewart,123,user,
SW-20245,Scot Wooten,123,user,
TA-21385,Tom Ashbrook,123,user,
YC-21895,Yoseph Carroll,123,user,
JM-15580,Jill Matthias,123,user,
MZ-7335,Maria Zettner,123,user,
JF-15295,Jason Fortune-,123,user,
JL-15835,John Lee,123,user,
DJ-3510,Don Jones,123,user,
MF-18250,Monica Federle,123,user,
JE-15610,Jim Epp,123,user,
CP-12340,Christine Phan,123,user,
EH-14125,Eugene Hildebrand,123,user,
NC-18340,Nat Carroll,123,user,
JS-16030,Joy Smith,123,user,
AM-10360,Alice McCarthy,123,user,
JF-15190,Jamie Frazer,123,user,
JG-15160,James Galang,123,user,
DP-13390,Dennis Pardue,123,user,
AG-10330,Alex Grayson,123,user,
GK-14620,Grace Kelly,123,user,
NF-18475,Neil Französisch,123,user,
DR-12940,Daniel Raglin,123,user,
NB-18655,Nona Balk,123,user,
NM-18445,Nathan Mautz,123,user,
NP-18670,Nora Paige,123,user,
SC-20380,Shahid Collister,123,user,
PA-9060,Pete Armstrong,123,user,
RB-19570,Rob Beeghly,123,user,
SR-20740,Steven Roelle,123,user,
RH-19510,Rick Huthwaite,123,user,
LH-16750,Larry Hughes,123,user,
KB-16585,Ken Black,123,user,
EM-13810,Eleni McCrary,123,user,
MZ-7515,Mary Zewe,123,user,
DM-13345,Denise Monton,123,user,
CA-11965,Carol Adams,123,user,
SC-20305,Sean Christensen,123,user,
MH-18115,Mick Hernandez,123,user,
KS-16300,Karen Seio,123,user,
BG-11740,Bruce Geld,123,user,
CR-2625,Corey Roper,123,user,
CB-12415,Christy Brittain,123,user,
AP-10720,Anne Pryor,123,user,
CR-12820,Cyra Reiten,123,user,
BF-11080,Bart Folk,123,user,
JM-15265,Janet Molinari,123,user,
TW-21025,Tamara Willingham,123,user,
RB-19330,Randy Bradley,123,user,
JA-15970,Joseph Airdo,123,user,
AB-60,Adam Bellavance,123,user,
JR-5670,Jim Radford,123,user,
MD-17350,Maribeth Dona,123,user,
PK-19075,Pete Kriz,123,user,
TP-21130,Theone Pippenger,123,user,
JK-15640,Jim Kriz,123,user,
CD-11920,Carlos Daly,123,user,
JL-5835,John Lee,123,user,
EP-13915,Emily Phan,123,user,
MS-17770,Maxwell Schwartz,123,user,
CM-12655,Corinna Mitchell,123,user,
JC-6105,Julie Creighton,123,user,
GB-14530,George Bell,123,user,
JH-16180,Justin Hirsh,123,user,
MT-8070,Michelle Tran,123,user,
CV-2805,Cynthia Voltz,123,user,
NH-18610,Nicole Hansen,123,user,
HJ-14875,Heather Jas,123,user,
JL-15175,James Lanier,123,user,
MY-18295,Muhammed Yedwab,123,user,
MW-18235,Mitch Willingham,123,user,
KC-16540,Kelly Collister,123,user,
HA-14920,Helen Andreada,123,user,
MT-17815,Meg Tillman,123,user,
FW-14395,Fred Wasserman,123,user,
BH-11710,Brosina Hoffman,123,user,
DK-12895,Dana Kaydos,123,user,
SC-20845,Sung Chung,123,user,
CY-12745,Craig Yedwab,123,user,
HL-15040,Hunter Lopez,123,user,
CT-11995,Carol Triggs,123,user,
GR-4560,Georgia Rosenberg,123,user,
TT-21070,Ted Trevino,123,user,
PO-19195,Phillina Ober,123,user,
ED-13885,Emily Ducich,123,user,
TM-21490,Tony Molinari,123,user,
AW-10840,Anthony Witt,123,user,
AT-10735,Annie Thurman,123,user,
SG-10605,Speros Goranitis,123,user,
BM-11785,Bryan Mills,123,user,
DK-13375,Dennis Kane,123,user,
PF-19225,Phillip Flathmann,123,user,
TG-21310,Toby Gnade,123,user,
SF-10200,Sarah Foster,123,user,
JW-5220,Jane Waco,123,user,
CC-12100,Chad Cunningham,123,user,
RD-19930,Russell D'Ascenzo,123,user,
BP-1230,Benjamin Patterson,123,user,
CS-12175,Charles Sheldon,123,user,
JD-16060,Julia Dunbar,123,user,
GH-14665,Greg Hansen,123,user,
CM-11935,Carlos Meador,123,user,
RB-9465,Rick Bensley,123,user,
RB-19795,Ross Baird,123,user,
DL-13495,Dionis Lloyd,123,user,
TS-21205,Thomas Seio,123,user,
MV-8190,Mike Vittorini,123,user,
BD-11560,Brendan Dodson,123,user,
PS-18760,Pamela Stobb,123,user,
FM-14215,Filia McAdams,123,user,
CA-12775,Cynthia Arntzen,123,user,
CD-12790,Cynthia Delaney,123,user,
NL-18310,Nancy Lomonaco,123,user,
TB-21055,Ted Butterfield,123,user,
EH-4125,Eugene Hildebrand,123,user,
KB-16600,Ken Brennan,123,user,
KW-16435,Katrina Willman,123,user,
MG-17695,Maureen Gnade,123,user,
HM-14860,Harry Marie,123,user,
BP-11290,Beth Paige,123,user,
HZ-4950,Henia Zydlo,123,user,
TC-20980,Tamara Chand,123,user,
EM-13825,Elizabeth Moffitt,123,user,
BS-11800,Bryan Spruell,123,user,
DV-13465,Dianna Vittorini,123,user,
MB-17305,Maria Bertelson,123,user,
PC-19000,Pauline Chand,123,user,
CA-12310,Christine Abelman,123,user,
KC-16255,Karen Carlisle,123,user,
DB-3660,Duane Benoit,123,user,
SC-20260,Scott Cohen,123,user,
BD-11500,Bradley Drucker,123,user,
BM-11140,Becky Martin,123,user,
KB-16315,Karl Braun,123,user,
JM-15865,John Murray,123,user,
AF-10885,Art Foster,123,user,
SJ-20500,Shirley Jackson,123,user,
WB-21850,William Brown,123,user,
CC-12610,Corey Catlett,123,user,
BE-11455,Brad Eason,123,user,
TG-21640,Trudy Glocke,123,user,
MS-17365,Maribeth Schnelling,123,user,
NP-18685,Nora Pelletier,123,user,
RM-19675,Robert Marley,123,user,
SN-20560,Skye Norling,123,user,
CD-12280,Christina DeMoss,123,user,
BG-11035,Barry Gonzalez,123,user,
CC-12550,Clay Cheatham,123,user,
SV-20785,Stewart Visinsky,123,user,
HW-14935,Helen Wasserman,123,user,
AS-10285,Alejandro Savely,123,user,
LD-16855,Lela Donovan,123,user,
NS-18505,Neola Schneider,123,user,
CM-12715,Craig Molinari,123,user,
JD-6060,Julia Dunbar,123,user,
MG-17680,Maureen Gastineau,123,user,
DB-13210,Dean Braden,123,user,
CS-11860,Cari Schnelling,123,user,
GG-14650,Greg Guthrie,123,user,
BN-11470,Brad Norvell,123,user,
BS-1665,Brian Stugart,123,user,
AC-10450,Amy Cox,123,user,
CK-12205,Chloris Kastensmidt,123,user,
JD-16150,Justin Deggeller,123,user,
CC-2550,Clay Cheatham,123,user,
MS-17830,Melanie Seite,123,user,
SM-20950,Suzanne McNair,123,user,
CL-12700,Craig Leslie,123,user,
CM-12160,Charles McCrossin,123,user,
JC-15775,John Castell,123,user,
LH-16900,Lena Hernandez,123,user,
DV-13045,Darrin Van Huff,123,user,
BT-11530,Bradley Talbott,123,user,
BM-1650,Brian Moss,123,user,
MG-18205,Mitch Gastineau,123,user,
RB-19705,Roger Barcio,123,user,
FC-14245,Frank Carlisle,123,user,
TT-21220,Thomas Thornton,123,user,
SJ-20215,Sarah Jordon,123,user,
PB-18805,Patrick Bzostek,123,user,
RW-19690,Robert Waldorf,123,user,
DB-3360,Dennis Bolton,123,user,
DK-13150,David Kendrick,123,user,
RW-9540,Rick Wilson,123,user,
MP-17470,Mark Packer,123,user,
TB-21625,Trudy Brown,123,user,
MO-17800,Meg O'Connel,123,user,
MR-17545,Mathew Reese,123,user,
LC-17050,Liz Carlisle,123,user,
RA-19885,Ruben Ausman,123,user,
MG-8145,Mike Gockenbach,123,user,
JE-16165,Justin Ellison,123,user,
JK-16090,Juliana Krohn,123,user,
EM-13960,Eric Murdock,123,user,
DJ-13420,Denny Joy,123,user,
BO-11425,Bobby Odegard,123,user,
LW-17215,Luke Weiss,123,user,
PJ-19015,Pauline Johnson,123,user,
KM-16720,Kunst Miller,123,user,
BG-11695,Brooke Gillingham,123,user,
CS-12130,Chad Sievert,123,user,
MC-17425,Mark Cousins,123,user,
BD-1635,Brian Derr,123,user,
RF-19345,Randy Ferguson,123,user,
MG-7680,Maureen Gastineau,123,user,
KH-16690,Kristen Hastings,123,user,
CC-12475,Cindy Chapman,123,user,
LT-16765,Larry Tron,123,user,
BF-10975,Barbara Fisher,123,user,
CJ-12010,Caroline Jumper,123,user,
SH-9975,Sally Hughsby,123,user,
SL-20155,Sara Luxemburg,123,user,
NC-8340,Nat Carroll,123,user,
JB-5400,Jennifer Braxton,123,user,
TB-21250,Tim Brockman,123,user,
PS-18970,Paul Stevenson,123,user,
BB-11545,Brenda Bowman,123,user,
SG-10470,Sheri Gordon,123,user,
SP-20920,Susan Pistek,123,user,
Dp-13240,Dean percer,123,user,
GZ-14470,Gary Zandusky,123,user,
AH-10075,Adam Hart,123,user,
CB-2025,Cassandra Brandow,123,user,
SC-20050,Sample Company A,123,user,
SC-10230,Scot Coram,123,user,
JS-15595,Jill Stevenson,123,user,
BS-11380,Bill Stewart,123,user,
JL-5130,Jack Lebron,123,user,
AS-10090,Adam Shillingsburg,123,user,
EL-13735,Ed Ludwig,123,user,
FH-14275,Frank Hawley,123,user,
OT-18730,Olvera Toch,123,user,
SM-10320,Sean Miller,123,user,
PM-19135,Peter McVee,123,user,
TS-11430,Tom Stivers,123,user,
LS-17245,Lynn Smith,123,user,
SF-20200,Sarah Foster,123,user,
CM-11815,Candace McMahon,123,user,
FG-14260,Frank Gastineau,123,user,
KN-6705,Kristina Nunn,123,user,
TB-11520,Tracy Blumstein,123,user,
JB-15400,Jennifer Braxton,123,user,
KH-16510,Keith Herrera,123,user,
DL-13330,Denise Leinenbach,123,user,
KN-16390,Katherine Nockton,123,user,
SV-20935,Susan Vittorini,123,user,
MD-17860,Michael Dominguez,123,user,
LS-17200,Luke Schmidt,123,user,
CM-12445,Chuck Magee,123,user,
SS-20140,Saphhira Shifley,123,user,
GH-14425,Gary Hwang,123,user,
SM-20320,Sean Miller,123,user,
GR-14560,Georgia Rosenberg,123,user,
TS-21370,Todd Sumrall,123,user,
DH-3675,Duane Huffman,123,user,
MM-8280,Muhammed MacIntyre,123,user,
PM-9135,Peter McVee,123,user,
GP-4740,Guy Phonely,123,user,
AF-10870,Art Ferguson,123,user,
TS-21505,Tony Sayre,123,user,
BM-11575,Brendan Murry,123,user,
AH-10030,Aaron Hawkins,123,user,
AG-10495,Andrew Gjertsen,123,user,
AG-675,Anna Gayman,123,user,
SW-20755,Steven Ward,123,user,
SK-19990,Sally Knutson,123,user,
AG-10900,Arthur Gainer,123,user,
AJ-960,Astrea Jones,123,user,
MC-7275,Marc Crier,123,user,
ER-13855,Elpida Rittenbach,123,user,
EJ-13720,Ed Jacobs,123,user,
DH-13675,Duane Huffman,123,user,
HE-14800,Harold Engle,123,user,
KT-16480,Kean Thornton,123,user,
SB-20170,Sarah Bern,123,user,
EM-14140,Eugene Moren,123,user,
VT-21700,Valerie Takahito,123,user,
JS-15880,John Stevenson,123,user,
BC-11125,Becky Castell,123,user,
NF-18595,Nicole Fjeld,123,user,
RH-9600,Rob Haberlin,123,user,
CS-11950,Carlos Soltero,123,user,
CM-12235,Chris McAfee,123,user,
LW-16825,Laurel Workman,123,user,
RD-19585,Rob Dowd,123,user,
BT-11680,Brian Thompson,123,user,
MD-7860,Michael Dominguez,123,user,
CC-12145,Charles Crestani,123,user,
XP-21865,Xylona Preis,123,user,
ML-17410,Maris LaWare,123,user,
BS-11665,Brian Stugart,123,user,
SC-20230,Scot Coram,123,user,
QJ-19255,Quincy Jones,123,user,
RE-19450,Richard Eichhorn,123,user,
CP-2085,Cathy Prescott,123,user,
JK-5730,Joe Kamberova,123,user,
HZ-14950,Henia Zydlo,123,user,
AR-10570,Anemone Ratner,123,user,
EH-14005,Erica Hernandez,123,user,
JR-15700,Jocasta Rupert,123,user,
PL-18925,Paul Lucas,123,user,
TC-21145,Theresa Coyne,123,user,
DG-13300,Deirdre Greer,123,user,
Dl-13600,Dorris liebe,123,user,
NC-18415,Nathan Cano,123,user,
EB-13930,Eric Barreto,123,user,
CP-12085,Cathy Prescott,123,user,
SM-20005,Sally Matthias,123,user,
JR-15670,Jim Radford,123,user,
DL-12925,Daniel Lacy,123,user,
FM-14290,Frank Merwin,123,user,
DP-13165,David Philippe,123,user,
CK-12595,Clytie Kelty,123,user,
CM-11830,Cari MacIntyre,123,user,
PP-18955,Paul Prost,123,user,
MM-17260,Magdelene Morse,123,user,
ME-17320,Maria Etezadi,123,user,
CS-12490,Cindy Schnelling,123,user,
GH-14410,Gary Hansen,123,user,
MC-17635,Matthew Clasen,123,user,
LM-7065,Liz MacKendrick,123,user,
AR-10510,Andrew Roberts,123,user,
JH-15910,Jonathan Howell,123,user,
DK-3375,Dennis Kane,123,user,
EG-13900,Emily Grady,123,user,
AS-10630,Ann Steele,123,user,
CL-11890,Carl Ludwig,123,user,
CA-12265,Christina Anderson,123,user,
PF-19165,Philip Fox,123,user,
DB-12970,Darren Budd,123,user,
CL-12565,Clay Ludtke,123,user,
MF-17665,Maureen Fritzler,123,user,
IM-15055,Ionia McGrath,123,user,
EB-13975,Erica Bern,123,user,
AA-10315,Alex Avila,123,user,
MV-17485,Mark Van Huff,123,user,
JW-15955,Joni Wasserman,123,user,
TS-21610,Troy Staebel,123,user,
MC-17575,Matt Collins,123,user,
JF-5415,Jennifer Ferguson,123,user,
AH-10210,Alan Hwang,123,user,
KD-16345,Katherine Ducich,123,user,
PG-18895,Paul Gonzalez,123,user,
HK-14890,Heather Kirkland,123,user,
RR-19315,Ralph Ritter,123,user,
HH-5010,Hilary Holden,123,user,
SH-20635,Stefanie Holloman,123,user,
AR-10825,Anthony Rawles,123,user,
RP-9855,Roy Phan,123,user,
LR-17035,Lisa Ryan,123,user,
IM-5055,Ionia McGrath,123,user,
CK-12325,Christine Kargatis,123,user,
AS-285,Alejandro Savely,123,user,
DK-12985,Darren Koutras,123,user,
EH-4185,Evan Henry,123,user,
ML-17395,Marina Lichtenstein,123,user,
BF-11215,Benjamin Farhat,123,user,
MB-7305,Maria Bertelson,123,user,
CR-12580,Clay Rozendal,123,user,
TB-21520,Tracy Blumstein,123,user,
KN-16450,Kean Nguyen,123,user,
HR-14770,Hallie Redmond,123,user,
CK-12760,Cyma Kinney,123,user,
RO-9780,Rose O'Brian,123,user,
EN-13780,Edward Nazzal,123,user,
AH-10465,Amy Hunt,123,user,
AH-10585,Angele Hood,123,user,
RB-9435,Richard Bierner,123,user,
AG-525,Andy Gerbode,123,user,
AR-10345,Alex Russell,123,user,
MW-8220,Mitch Webber,123,user,
AH-210,Alan Hwang,123,user,
TH-21235,Tiffany House,123,user,
LT-7110,Liz Thompson,123,user,
HD-14785,Harold Dahlen,123,user,
MC-7575,Matt Collins,123,user,
MH-18025,Michelle Huthwaite,123,user,
CC-2475,Cindy Chapman,123,user,
CM-12190,Charlotte Melton,123,user,
RA-19915,Russell Applegate,123,user,
MT-18070,Michelle Tran,123,user,
JF-15415,Jennifer Ferguson,123,user,
ES-14020,Erica Smith,123,user,
CC-12685,Craig Carroll,123,user,
IM-15070,Irene Maddox,123,user,
DA-13450,Dianna Arnett,123,user,
SS-10410,Shahid Shariari,123,user,
BM-11650,Brian Moss,123,user,
SW-20350,Sean Wendt,123,user,
CM-1830,Cari MacIntyre,123,user,
MY-17380,Maribeth Yedwab,123,user,
MS-7830,Melanie Seite,123,user,
HG-14965,Henry Goldwyn,123,user,
DC-13285,Debra Catini,123,user,
DL-13315,Delfina Latchford,123,user,
JK-15370,Jay Kimmel,123,user,
CH-2070,Cathy Hwang,123,user,
MH-7440,Mark Haberlin,123,user,
MC-17845,Michael Chen,123,user,
PW-19030,Pauline Webber,123,user,
BS-11590,Brendan Sweed,123,user,
DO-13435,Denny Ordway,123,user,
SG-20890,Susan Gilcrest,123,user,
SU-20665,Stephanie Ulpright,123,user,
JC-16105,Julie Creighton,123,user,
TB-21190,Thomas Brumley,123,user,
SV-10785,Stewart Visinsky,123,user,
VP-21760,Victoria Pisteka,123,user,
LR-16915,Lena Radford,123,user,
TH-21550,Tracy Hopkins,123,user,
TC-11145,Theresa Coyne,123,user,
JL-15235,Janet Lee,123,user,
RK-19300,Ralph Kennedy,123,user,
CC-12670,Craig Carreira,123,user,
DB-13555,Dorothy Badders,123,user,
SG-20605,Speros Goranitis,123,user,
MG-17890,Michael Granlund,123,user,
MA-17560,Matt Abelman,123,user,
CB-12025,Cassandra Brandow,123,user,
DH-13075,Dave Hallsten,123,user,
BT-11395,Bill Tyler,123,user,
TT-11265,Tim Taslimi,123,user,
TH-11235,Tiffany House,123,user,
VG-21790,Vivek Gonzalez,123,user,
NW-18400,Natalie Webber,123,user,
VP-21730,Victor Preis,123,user,
SS-20410,Shahid Shariari,123,user,
JE-15715,Joe Elijah,123,user,
AG-270,Alejandro Grove,123,user,
BW-11200,Ben Wallace,123,user,
EK-13795,Eileen Kiefer,123,user,
SG-20080,Sandra Glassco,123,user,
SC-10725,Steven Cartwright,123,user,
AG-10525,Andy Gerbode,123,user,
MG-18145,Mike Gockenbach,123,user,
BD-11605,Brian Dahlen,123,user,
PB-19105,Peter Bühler,123,user,
SC-20575,Sonia Cooley,123,user,
DO-3435,Denny Ordway,123,user,
CC-12220,Chris Cortes,123,user,
TS-21430,Tom Stivers,123,user,
AZ-10750,Annie Zypern,123,user,
IG-15085,Ivan Gibson,123,user,
SP-20860,Sung Pak,123,user,
KM-16225,Kalyca Meade,123,user,
KM-6720,Kunst Miller,123,user,
MM-18055,Michelle Moray,123,user,
RB-19360,Raymond Buch,123,user,
NC-8415,Nathan Cano,123,user,
SN-20710,Steve Nguyen,123,user,
DL-3330,Denise Leinenbach,123,user,
JG-15115,Jack Garza,123,user,
CJ-11875,Carl Jackson,123,user,
AY-10555,Andy Yotov,123,user,
BV-11245,Benjamin Venier,123,user,
PO-9195,Phillina Ober,123,user,
GZ-4545,George Zrebassa,123,user,
PN-18775,Parhena Norris,123,user,
SC-20800,Stuart Calhoun,123,user,
AC-10615,Ann Chong,123,user,
VB-21745,Victoria Brennan,123,user,
TT-11460,Tonja Turnell,123,user,
AC-10420,Alyssa Crouse,123,user,
CG-12040,Catherine Glotzbach,123,user,
TR-11325,Toby Ritter,123,user,
SC-20440,Shaun Chance,123,user,
BT-11305,Beth Thompson,123,user,
JB-15925,Joni Blumstein,123,user,
GW-14605,Giulietta Weimer,123,user,
SC-20725,Steven Cartwright,123,user,
EH-13765,Edward Hooks,123,user,
YS-21880,Yana Sorensen,123,user,
FO-14305,Frank Olsen,123,user,
RP-19855,Roy Phan,123,user,
AB-10600,Ann Blume,123,user,
KB-16240,Karen Bern,123,user,
KA-16525,Kelly Andreada,123,user,
EM-3960,Eric Murdock,123,user,
JD-15790,John Dryer,123,user,
JL-15850,John Lucas,123,user,
JW-16075,Julia West,123,user,
LL-6840,Lauren Leatherbury,123,user,
TH-21100,Thea Hendricks,123,user,
MC-17275,Marc Crier,123,user,
NG-8430,Nathan Gelder,123,user,
KD-16615,Ken Dana,123,user,
MC-17605,Matt Connell,123,user,
JK-15625,Jim Karlsson,123,user,
TS-11505,Tony Sayre,123,user,
LD-6855,Lela Donovan,123,user,
LP-17080,Liz Pelletier,123,user,
CV-12805,Cynthia Voltz,123,user,
MO-17500,Mary O'Rourke,123,user,
MS-17530,MaryBeth Skach,123,user,
GA-14515,George Ashbrook,123,user,
CS-12355,Christine Sundaresam,123,user,
GM-14500,Gene McClure,123,user,
CC-2670,Craig Carreira,123,user,
MN-17935,Michael Nguyen,123,user,
JM-16195,Justin MacKendrick,123,user,
DB-13615,Doug Bickford,123,user,
PK-18910,Paul Knutson,123,user,
LS-16945,Linda Southworth,123,user,
JK-15730,Joe Kamberova,123,user,
SW-10275,Scott Williamson,123,user,
MC-18100,Mick Crebagga,123,user,
EH-13945,Eric Hoffmann,123,user,
LC-16930,Linda Cazamias,123,user,
MA-17995,Michelle Arnett,123,user,
SP-20650,Stephanie Phelps,123,user,
JH-15430,Jennifer Halladay,123,user,
ML-17755,Max Ludwig,123,user,
PC-18745,Pamela Coakley,123,user,
KE-16420,Katrina Edelman,123,user,
EM-4200,Evan Minnotte,123,user,
DW-13480,Dianna Wilson,123,user,
SC-10680,Steve Carroll,123,user,
JG-15805,John Grady,123,user,
LL-16840,Lauren Leatherbury,123,user,
PV-8985,Paul Van Hugh,123,user,
PO-19180,Philisse Overcash,123,user,
SH-19975,Sally Hughsby,123,user,
GA-14725,Guy Armstrong,123,user,
GT-4755,Guy Thornton,123,user,
PR-18880,Patrick Ryan,123,user,
AG-10765,Anthony Garverick,123,user,
SE-20110,Sanjit Engle,123,user,
JB-16045,Julia Barnett,123,user,
JM-5580,Jill Matthias,123,user,
JO-15280,Jas O'Carroll,123,user,
LP-17095,Liz Preis,123,user,
EJ-14155,Eva Jacobs,123,user,
VW-21775,Victoria Wilson,123,user,
GM-14455,Gary Mitchum,123,user,
BF-1080,Bart Folk,123,user,
SM-20905,Susan MacKendrick,123,user,
BO-1425,Bobby Odegard,123,user,
AW-10930,Arthur Wiediger,123,user,
JP-15460,Jennifer Patt,123,user,
AS-10240,Alan Shonely,123,user,
TB-11625,Trudy Brown,123,user,
JP-5520,Jeremy Pistek,123,user,
BD-11770,Bryan Davis,123,user,
BD-11635,Brian Derr,123,user,
CC-2370,Christopher Conant,123,user,
PO-8850,Patrick O'Brill,123,user,
TZ-21445,Tom Zandusky,123,user,
RB-19435,Richard Bierner,123,user,
JE-15475,Jeremy Ellison,123,user,
AI-10855,Arianne Irving,123,user,
MH-17440,Mark Haberlin,123,user,
JE-6165,Justin Ellison,123,user,
DS-13180,David Smith,123,user,
AC-10660,Anna Chung,123,user,
MH-17455,Mark Hamilton,123,user,
CC-12430,Chuck Clark,123,user,
NG-18355,Nat Gilpin,123,user,
RC-19825,Roy Collins,123,user,
JD-16015,Joy Daniels,123,user,
JH-5910,Jonathan Howell,123,user,
SC-10695,Steve Chapman,123,user,
RD-9930,Russell D'Ascenzo,123,user,
LC-6930,Linda Cazamias,123,user,
DW-13195,David Wiener,123,user,
RD-19900,Ruben Dartt,123,user,
MV-18190,Mike Vittorini,123,user,
RD-19480,Rick Duston,123,user,
SV-20365,Seth Vernon,123,user,
LS-17230,Lycoris Saunders,123,user,
GD-14590,Giulietta Dortch,123,user,
EB-13750,Edward Becker,123,user,
KH-6360,Katherine Hughes,123,user,
BF-11275,Beth Fritzler,123,user,
NG-18430,Nathan Gelder,123,user,
Co-12640,Corey-Lock,123,user,
SF-20965,Sylvia Foulston,123,user,
KB-16405,Katrina Bavinger,123,user,
LC-16870,Lena Cacioppo,123,user,
JL-15505,Jeremy Lonsdale,123,user,
BD-11725,Bruce Degenhardt,123,user,
TM-21010,Tamara Manning,123,user,
AB-150,Aimee Bixby,123,user,
BW-11065,Barry Weirich,123,user,
FM-14380,Fred McMath,123,user,
PC-8745,Pamela Coakley,123,user,
BN-1470,Brad Norvell,123,user,
AH-10120,Adrian Hane,123,user,
LF-17185,Luke Foster,123,user,
DJ-13630,Doug Jacobs,123,user,
SJ-20125,Sanjit Jacobs,123,user,
ML-18265,Muhammed Lee,123,user,
SF-10965,Sylvia Foulston,123,user,
PO-8865,Patrick O'Donnell,123,user,
MH-17290,Marc Harrigan,123,user,
NR-18550,Nick Radford,123,user,
MK-17905,Michael Kennedy,123,user,
DB-13660,Duane Benoit,123,user,
PH-18790,Patricia Hirasaki,123,user,
AB-10165,Alan Barnes,123,user,
CA-12055,Cathy Armstrong,123,user,
JF-5295,Jason Fortune-,123,user,
KT-16465,Kean Takahito,123,user,
RB-9705,Roger Barcio,123,user,
BD-1725,Bruce Degenhardt,123,user,
EB-13705,Ed Braxton,123,user,
MG-17875,Michael Grace,123,user,
MG-17650,Matthew Grinstein,123,user,
AG-10270,Alejandro Grove,123,user,
NP-8685,Nora Pelletier,123,user,
AS-630,Ann Steele,123,user,
SC-20680,Steve Carroll,123,user,
MC-17590,Matt Collister,123,user,
TP-11415,Tom Prescott,123,user,
HH-15010,Hilary Holden,123,user,
BT-11485,Brad Thomas,123,user,
EB-13870,Emily Burns,123,user,
JP-15520,Jeremy Pistek,123,user,
CM-2115,Chad McGuire,123,user,
EA-14035,Erin Ashbrook,123,user,
FH-14350,Fred Harton,123,user,
BS-1800,Bryan Spruell,123,user,
AA-10375,Allen Armold,123,user,
BN-11515,Bradley Nguyen,123,user,
EG-3900,Emily Grady,123,user,
RE-19405,Ricardo Emerson,123,user,
ND-18460,Neil Ducich,123,user,
TT-21460,Tonja Turnell,123,user,
ML-18040,Michelle Lonsdale,123,user,
JL-5505,Jeremy Lonsdale,123,user,
SP-20545,Sibella Parks,123,user,
SF-10065,Sandra Flanagan,123,user,
AS-10045,Aaron Smayling,123,user,
TT-11220,Thomas Thornton,123,user,
AH-10195,Alan Haines,123,user,
KH-6630,Ken Heidel,123,user,
AA-10645,Anna Andreadi,123,user,
JL-15130,Jack Lebron,123,user,
KM-6375,Katherine Murray,123,user,
LS-16975,Lindsay Shagiari,123,user,
KL-16645,Ken Lonsdale,123,user,
EH-14185,Evan Henry,123,user,
KW-6570,Kelly Williams,123,user,
DB-3060,Dave Brooks,123,user,
FA-14230,Frank Atkinson,123,user,
JF-15565,Jill Fjeld,123,user,
LO-7170,Lori Olson,123,user,
KB-6315,Karl Braun,123,user,
BS-11755,Bruce Stewart,123,user,
RB-19465,Rick Bensley,123,user,
HF-14995,Herbert Flentye,123,user,
MP-17965,Michael Paige,123,user,
JJ-15445,Jennifer Jackson,123,user,
LC-17140,Logan Currie,123,user,
TT-11070,Ted Trevino,123,user,
BF-11020,Barry Französisch,123,user,
ES-14080,Erin Smith,123,user,
FC-14335,Fred Chung,123,user,
TS-21160,Theresa Swint,123,user,
RE-9450,Richard Eichhorn,123,user,
JC-15340,Jasper Cacioppo,123,user,
MH-17785,Maya Herman,123,user,
RF-19840,Roy Französisch,123,user,
PG-18820,Patrick Gardner,123,user,
DO-13645,Doug O'Connell,123,user,
SC-10305,Sean Christensen,123,user,
TN-21040,Tanja Norvell,123,user,
DR-12880,Dan Reichenbach,123,user,
EB-3975,Erica Bern,123,user,
NS-8505,Neola Schneider,123,user,
SF-20065,Sandra Flanagan,123,user,
RA-19285,Ralph Arnett,123,user,
LT-17110,Liz Thompson,123,user,
BF-11170,Ben Ferrer,123,user,
AR-825,Anthony Rawles,123,user,
SD-20485,Shirley Daniels,123,user,
GW-4605,Giulietta Weimer,123,user,
DB-13120,David Bremer,123,user,
JC-5775,John Castell,123,user,
ND-8460,Neil Ducich,123,user,
TC-11295,Toby Carlisle,123,user,
DM-2955,Dario Medina,123,user,
PJ-9015,Pauline Johnson,123,user,
JH-5820,John Huston,123,user,
ME-18010,Michelle Ellison,123,user,
AH-10690,Anna Häberlin,123,user,
RD-19660,Robert Dilbeck,123,user,
CD-1980,Carol Darley,123,user,
CL-2565,Clay Ludtke,123,user,
MO-7800,Meg O'Connel,123,user,
CR-2580,Clay Rozendal,123,user,
TC-10980,Tamara Chand,123,user,
RD-9900,Ruben Dartt,123,user,
CS-12250,Chris Selesnick,123,user,
CH-12070,Cathy Hwang,123,user,
JF-15355,Jay Fein,123,user,
AS-135,Adrian Shami,123,user,
SP-20620,Stefania Perrino,123,user,
EC-14050,Erin Creighton,123,user,
IG-5085,Ivan Gibson,123,user,
TB-21355,Todd Boyes,123,user,
MH-17620,Matt Hagelstein,123,user,
GT-14755,Guy Thornton,123,user,
DF-13135,David Flashing,123,user,
AS-240,Alan Shonely,123,user,
PG-8820,Patrick Gardner,123,user,
JS-6030,Joy Smith,123,user,
SS-20590,Sonia Sunley,123,user,
CS-2490,Cindy Schnelling,123,user,
CM-2715,Craig Molinari,123,user,
BM-1140,Becky Martin,123,user,
RD-19720,Roger Demir,123,user,
LD-17005,Lisa DeCherney,123,user,
EB-3705,Ed Braxton,123,user,
RH-19555,Ritsa Hightower,123,user,
JP-6135,Julie Prescott,123,user,
PB-9210,Phillip Breyer,123,user,
LC-16960,Lindsay Castell,123,user,
JC-15385,Jenna Caffey,123,user,
IL-15100,Ivan Liston,123,user,
SW-10245,Scot Wooten,123,user,
CP-2340,Christine Phan,123,user,
NS-18640,Noel Staavos,123,user,
TR-21325,Toby Ritter,123,user,
NF-8385,Natalie Fritzler,123,user,
TZ-21580,Tracy Zic,123,user,
TB-11055,Ted Butterfield,123,user,
AJ-10795,Anthony Johnson,123,user,
GH-14485,Gene Hale,123,user,
AG-10300,Aleksandra Gannaway,123,user,
EH-3945,Eric Hoffmann,123,user,
JD-6150,Justin Deggeller,123,user,
KH-16360,Katherine Hughes,123,user,
JB-6045,Julia Barnett,123,user,
AH-585,Angele Hood,123,user,
MS-7530,MaryBeth Skach,123,user,
HA-14905,Helen Abelman,123,user,
JG-15310,Jason Gross,123,user,
CD-1920,Carlos Daly,123,user,
TC-21535,Tracy Collins,123,user,
PB-9105,Peter Bühler,123,user,
AR-10405,Allen Rosenblatt,123,user,
NK-18490,Neil Knudson,123,user,
MG-7695,Maureen Gnade,123,user,
AJ-10945,Ashley Jarboe,123,user,
RS-19420,Ricardo Sperren,123,user,
SC-20770,Stewart Carmichael,123,user,
LM-17065,Liz MacKendrick,123,user,
DP-13000,Darren Powers,123,user,
RD-9660,Robert Dilbeck,123,user,
LB-16735,Larry Blacks,123,user,
MZ-17515,Mary Zewe,123,user,
ER-3855,Elpida Rittenbach,123,user,
MS-17710,Maurice Satty,123,user,
LC-6960,Lindsay Castell,123,user,
GZ-14545,George Zrebassa,123,user,
JK-5625,Jim Karlsson,123,user,
JJ-15760,Joel Jenkins,123,user,
CA-2265,Christina Anderson,123,user,
CC-2220,Chris Cortes,123,user,
KL-6555,Kelly Lampkin,123,user,
CS-2175,Charles Sheldon,123,user,
KL-16555,Kelly Lampkin,123,user,
RD-9810,Ross DeVincentis,123,user,
AJ-945,Ashley Jarboe,123,user,
CC-2685,Craig Carroll,123,user,
LO-17170,Lori Olson,123,user,
DE-13255,Deanra Eno,123,user,
RF-9345,Randy Ferguson,123,user,
SC-20020,Sam Craven,123,user,
DW-13585,Dorothy Wardle,123,user,
EM-4065,Erin Mull,123,user,
TD-20995,Tamara Dahlen,123,user,
BD-11320,Bill Donatelli,123,user,
CW-11905,Carl Weiss,123,user,
CK-2325,Christine Kargatis,123,user,
BP-11095,Bart Pistole,123,user,
DV-3465,Dianna Vittorini,123,user,
MY-7380,Maribeth Yedwab,123,user,
PB-9150,Philip Brown,123,user,
AG-10390,Allen Goldenen,123,user,
KW-16570,Kelly Williams,123,user,
JF-5190,Jamie Frazer,123,user,
GB-14575,Giulietta Baptist,123,user,
MR-7545,Mathew Reese,123,user,
MO-17950,Michael Oakman,123,user,
TA-11385,Tom Ashbrook,123,user,
JM-5655,Jim Mitchum,123,user,
JS-5880,John Stevenson,123,user,
HP-14815,Harold Pawlan,123,user,
CS-12400,Christopher Schild,123,user,
DE-3255,Deanra Eno,123,user,
JD-6015,Joy Daniels,123,user,
CR-2730,Craig Reiter,123,user,
RC-9960,Ryan Crowe,123,user,
AO-10810,Anthony O'Donnell,123,user,
TB-11250,Tim Brockman,123,user,
RA-9285,Ralph Arnett,123,user,
MG-8205,Mitch Gastineau,123,user,
MY-8295,Muhammed Yedwab,123,user,
SR-20425,Sharelle Roach,123,user,
BT-1530,Bradley Talbott,123,user,
LS-7245,Lynn Smith,123,user,
AB-10255,Alejandro Ballentine,123,user,
TH-21115,Thea Hudgings,123,user,
LC-6885,Lena Creighton,123,user,
AC-660,Anna Chung,123,user,
EM-14095,Eudokia Martin,123,user,
BO-11350,Bill Overfelt,123,user,
DM-3015,Darrin Martin,123,user,
DD-13570,Dorothy Dickinson,123,user,
KN-16705,Kristina Nunn,123,user,
HM-14980,Henry MacAllister,123,user,
FM-4215,Filia McAdams,123,user,
JO-15145,Jack O'Briant,123,user,
TC-11535,Tracy Collins,123,user,
JK-15205,Jamie Kunitz,123,user,
DA-3450,Dianna Arnett,123,user,
DB-12910,Daniel Byrd,123,user,
EH-4005,Erica Hernandez,123,user,
DN-13690,Duane Noonan,123,user,
AS-10135,Adrian Shami,123,user,
MC-18130,Mike Caudle,123,user,
MM-18280,Muhammed MacIntyre,123,user,
RL-9615,Rob Lucas,123,user,
MA-7560,Matt Abelman,123,user,
HG-4845,Harry Greene,123,user,
PB-8805,Patrick Bzostek,123,user,
RW-19630,Rob Williams,123,user,
BT-11440,Bobby Trafton,123,user,
JC-5385,Jenna Caffey,123,user,
HR-4770,Hallie Redmond,123,user,
DB-3615,Doug Bickford,123,user,
JK-6120,Julie Kriz,123,user,
SW-20455,Shaun Weien,123,user,
GH-4425,Gary Hwang,123,user,
GB-4575,Giulietta Baptist,123,user,
PA-19060,Pete Armstrong,123,user,
CA-2775,Cynthia Arntzen,123,user,
CV-12295,Christina VanderZanden,123,user,
PO-9180,Philisse Overcash,123,user,
NC-18535,Nick Crebassa,123,user,
GZ-4470,Gary Zandusky,123,user,
AM-360,Alice McCarthy,123,user,
AA-480,Andrew Allen,123,user,
TB-21595,Troy Blackwell,123,user,
KH-16630,Ken Heidel,123,user,
TS-21655,Trudy Schmidt,123,user,
CD-11980,Carol Darley,123,user,
DB-13360,Dennis Bolton,123,user,
SK-9990,Sally Knutson,123,user,
PT-19090,Pete Takahito,123,user,
EH-13990,Erica Hackney,123,user,
ME-17725,Max Engle,123,user,
ZD-21925,Zuschuss Donatelli,123,user,
MW-8235,Mitch Willingham,123,user,
BP-11050,Barry Pond,123,user,
RC-19960,Ryan Crowe,123,user,
PN-8775,Parhena Norris,123,user,
CB-12535,Claudia Bergmann,123,user,
LR-7035,Lisa Ryan,123,user,
JG-5160,James Galang,123,user,
SC-10845,Sung Chung,123,user,
DK-13225,Dean Katz,123,user,
CG-2520,Claire Gute,123,user,
RS-19870,Roy Skaria,123,user,
DK-2835,Damala Kotsonis,123,user,
CM-2385,Christopher Martinez,123,user,
JE-5745,Joel Eaton,123,user,
CA-1965,Carol Adams,123,user,
Dl-3600,Dorris liebe,123,user,
DL-2865,Dan Lawera,123,user,
CM-2445,Chuck Magee,123,user,
DB-13270,Deborah Brumfield,123,user,
EB-4110,Eugene Barchas,123,user,
BD-11620,Brian DeCherney,123,user,
MN-7935,Michael Nguyen,123,user,
DB-2910,Daniel Byrd,123,user,
LH-7155,Logan Haushalter,123,user,
JS-5940,Joni Sundaresam,123,user,
GH-4410,Gary Hansen,123,user,
SC-10380,Shahid Collister,123,user,
SL-10155,Sara Luxemburg,123,user,
EK-3795,Eileen Kiefer,123,user,
PH-8790,Patricia Hirasaki,123,user,
HD-4785,Harold Dahlen,123,user,
CM-2190,Charlotte Melton,123,user,
AR-570,Anemone Ratner,123,user,
BT-1305,Beth Thompson,123,user,
MH-7785,Maya Herman,123,user,
SC-10260,Scott Cohen,123,user,
LW-7125,Liz Willingham,123,user,
SM-10905,Susan MacKendrick,123,user,
TT-21265,Tim Taslimi,123,user,
EJ-3720,Ed Jacobs,123,user,
RS-9765,Roland Schwarz,123,user,
EM-4095,Eudokia Martin,123,user,
AJ-10960,Astrea Jones,123,user,
BD-1770,Bryan Davis,123,user,
BE-1410,Bobby Elias,123,user,
KC-6255,Karen Carlisle,123,user,
DV-3045,Darrin Van Huff,123,user,
JD-5895,Jonathan Doherty,123,user,
JM-5865,John Murray,123,user,
JK-5205,Jamie Kunitz,123,user,
CL-2700,Craig Leslie,123,user,
GG-4650,Greg Guthrie,123,user,
LS-6945,Linda Southworth,123,user,
JL-5850,John Lucas,123,user,
VP-11760,Victoria Pisteka,123,user,
NF-8595,Nicole Fjeld,123,user,
LE-16810,Laurel Elliston,123,user,
JJ-5445,Jennifer Jackson,123,user,
CS-2130,Chad Sievert,123,user,
BM-1575,Brendan Murry,123,user,
AC-615,Ann Chong,123,user,
HG-5025,Hunter Glantz,123,user,
TB-11400,Tom Boeckenhauer,123,user,
RB-9330,Randy Bradley,123,user,
JP-5460,Jennifer Patt,123,user,
JL-5175,James Lanier,123,user,
AA-315,Alex Avila,123,user,
TS-11370,Todd Sumrall,123,user,
SS-10140,Saphhira Shifley,123,user,
DP-3000,Darren Powers,123,user,
JS-5685,Jim Sink,123,user,
PW-19240,Pierre Wener,123,user,
NW-8400,Natalie Webber,123,user,
TS-11340,Toby Swindell,123,user,
JH-5985,Joseph Holt,123,user,
NG-8355,Nat Gilpin,123,user,
FP-14320,Frank Preis,123,user,
SH-20395,Shahid Hopkins,123,user,
JP-16135,Julie Prescott,123,user,
JM-5250,Janet Martin,123,user,
MA-7995,Michelle Arnett,123,user,
DR-2940,Daniel Raglin,123,user,
BF-1020,Barry Französisch,123,user,
CS-2400,Christopher Schild,123,user,
JM-15535,Jessica Myrick,123,user,
JS-15940,Joni Sundaresam,123,user,
AF-870,Art Ferguson,123,user,
NP-8670,Nora Paige,123,user,
SU-10665,Stephanie Ulpright,123,user,
RD-9585,Rob Dowd,123,user,
TP-21565,Tracy Poddar,123,user,
LA-6780,Laura Armstrong,123,user,
LH-7020,Lisa Hazard,123,user,
JE-5475,Jeremy Ellison,123,user,
ES-4080,Erin Smith,123,user,
EM-4140,Eugene Moren,123,user,
DS-13030,Darrin Sayre,123,user,
ZD-11925,Zuschuss Donatelli,123,user,
JO-5550,Jesus Ocampo,123,user,
TB-11595,Troy Blackwell,123,user,
GM-4500,Gene McClure,123,user,
DD-3570,Dorothy Dickinson,123,user,
FH-4365,Fred Hopkins,123,user,
MK-18160,Mike Kennedy,123,user,
NM-8445,Nathan Mautz,123,user,
JF-5355,Jay Fein,123,user,
BF-975,Barbara Fisher,123,user,
SS-20875,Sung Shariari,123,user,
PF-9165,Philip Fox,123,user,
SV-10365,Seth Vernon,123,user,
BB-10990,Barry Blumstein,123,user,
PW-9240,Pierre Wener,123,user,
JF-15490,Jeremy Farry,123,user,
CW-1905,Carl Weiss,123,user,
LC-7140,Logan Currie,123,user,
HK-4890,Heather Kirkland,123,user,
BT-1440,Bobby Trafton,123,user,
RD-19810,Ross DeVincentis,123,user,
KL-6645,Ken Lonsdale,123,user,
VG-11805,Vivek Grady,123,user,
PF-9225,Phillip Flathmann,123,user,
AB-15,Aaron Bergman,123,user,
LW-6990,Lindsay Williams,123,user,
PS-8970,Paul Stevenson,123,user,
LW-17125,Liz Willingham,123,user,
MC-7590,Matt Collister,123,user,
JO-15550,Jesus Ocampo,123,user,
SJ-10125,Sanjit Jacobs,123,user,
SS-20515,Shirley Schmidt,123,user,
RB-19645,Robert Barroso,123,user,
BP-1050,Barry Pond,123,user,
PG-8895,Paul Gonzalez,123,user,
RM-19750,Roland Murray,123,user,
KM-6225,Kalyca Meade,123,user,
AH-120,Adrian Hane,123,user,
BM-1785,Bryan Mills,123,user,
NR-8550,Nick Radford,123,user,
EB-14170,Evan Bailliet,123,user,
PB-19150,Philip Brown,123,user,
TP-11130,Theone Pippenger,123,user,
KN-6450,Kean Nguyen,123,user,
RD-9720,Roger Demir,123,user,
RS-9870,Roy Skaria,123,user,
EB-3840,Ellis Ballard,123,user,
TC-21475,Tony Chapman,123,user,
BH-1710,Brosina Hoffman,123,user,
MH-7620,Matt Hagelstein,123,user,
PT-9090,Pete Takahito,123,user,
DC-2850,Dan Campbell,123,user,
AG-900,Arthur Gainer,123,user,
DC-12850,Dan Campbell,123,user,
JF-5565,Jill Fjeld,123,user,
SR-10740,Steven Roelle,123,user,
MK-7905,Michael Kennedy,123,user,
JK-5370,Jay Kimmel,123,user,
GM-4680,Greg Matthias,123,user,
PC-9000,Pauline Chand,123,user,
DL-3315,Delfina Latchford,123,user,
JL-5235,Janet Lee,123,user,
BB-990,Barry Blumstein,123,user,
RP-9390,Resi Pölking,123,user,
ES-4020,Erica Smith,123,user,
MH-7455,Mark Hamilton,123,user,
JD-5790,John Dryer,123,user,
DB-3270,Deborah Brumfield,123,user,
PK-9075,Pete Kriz,123,user,
NM-8520,Neoma Murray,123,user,
MO-7500,Mary O'Rourke,123,user,
SG-10890,Susan Gilcrest,123,user,
MF-8250,Monica Federle,123,user,
JG-5310,Jason Gross,123,user,
YS-11880,Yana Sorensen,123,user,
FC-4245,Frank Carlisle,123,user,
BW-1110,Bart Watters,123,user,
BS-1590,Brendan Sweed,123,user,
CS-2460,Chuck Sachs,123,user,
MH-7290,Marc Harrigan,123,user,
KE-6420,Katrina Edelman,123,user,
AJ-780,Anthony Jacobs,123,user,
MM-7920,Michael Moore,123,user,
ML-8265,Muhammed Lee,123,user,
RR-9315,Ralph Ritter,123,user,
JF-5490,Jeremy Farry,123,user,
AG-765,Anthony Garverick,123,user,
DS-3030,Darrin Sayre,123,user,
AH-75,Adam Hart,123,user,
NB-18580,Nicole Brennan,123,user,
KD-6270,Karen Daniels,123,user,
MJ-7740,Max Jones,123,user,
DM-3525,Don Miller,123,user,
GH-4665,Greg Hansen,123,user,
RM-9675,Robert Marley,123,user,
TS-11610,Troy Staebel,123,user,
PR-8880,Patrick Ryan,123,user,
HP-4815,Harold Pawlan,123,user,
EC-4050,Erin Creighton,123,user,
BF-1005,Barry Franz,123,user,
SC-10050,Sample Company A,123,user,
DM-3345,Denise Monton,123,user,
CD-2280,Christina DeMoss,123,user,
BP-1095,Bart Pistole,123,user,
TC-11475,Tony Chapman,123,user,
DW-3540,Don Weiss,123,user,
BE-1455,Brad Eason,123,user,
AH-195,Alan Haines,123,user,
DO-3645,Doug O'Connell,123,user,
CA-2055,Cathy Armstrong,123,user,
LP-7080,Liz Pelletier,123,user,
BN-1515,Bradley Nguyen,123,user,
NK-8490,Neil Knudson,123,user,
AR-510,Andrew Roberts,123,user,
VM-11835,Vivian Mathis,123,user,
TH-11115,Thea Hudgings,123,user,
AB-165,Alan Barnes,123,user,
LB-6735,Larry Blacks,123,user,
GA-4515,George Ashbrook,123,user,
DJ-3630,Doug Jacobs,123,user,
LT-6765,Larry Tron,123,user,
SG-10080,Sandra Glassco,123,user,
TB-11175,Thomas Boland,123,user,
AP-915,Arthur Prichep,123,user,
ON-8715,Odella Nelson,123,user,
SB-10290,Sean Braxton,123,user,
AJ-795,Anthony Johnson,123,user,
TP-11565,Tracy Poddar,123,user,
ML-8040,Michelle Lonsdale,123,user,
LC-6870,Lena Cacioppo,123,user,
AB-105,Adrian Barton,123,user,
AW-840,Anthony Witt,123,user,
JO-5280,Jas O'Carroll,123,user,
ME-7320,Maria Etezadi,123,user,
SW-10455,Shaun Weien,123,user,
LP-7095,Liz Preis,123,user,
DW-3195,David Wiener,123,user,
SC-10770,Stewart Carmichael,123,user,
HE-4800,Harold Engle,123,user,
DL-3495,Dionis Lloyd,123,user,
EJ-4155,Eva Jacobs,123,user,
JH-6180,Justin Hirsh,123,user,
DK-3150,David Kendrick,123,user,
XP-11865,Xylona Preis,123,user,
KT-6480,Kean Thornton,123,user,
MB-8085,Mick Brown,123,user,
AR-345,Alex Russell,123,user,
BD-1320,Bill Donatelli,123,user,
DP-3165,David Philippe,123,user,
KD-6495,Keith Dawkins,123,user,
CK-2595,Clytie Kelty,123,user,
SB-10170,Sarah Bern,123,user,
JJ-5760,Joel Jenkins,123,user,
GH-4485,Gene Hale,123,user,
DB-3555,Dorothy Badders,123,user,
LB-6795,Laurel Beltran,123,user,
KT-6465,Kean Takahito,123,user,
GA-4725,Guy Armstrong,123,user,
DK-3090,Dave Kipp,123,user,
SS-10590,Sonia Sunley,123,user,
SD-10485,Shirley Daniels,123,user,
TS-21085,Thais Sissman,123,user,
RA-9945,Ryan Akin,123,user,
JO-5145,Jack O'Briant,123,user,
LW-7215,Luke Weiss,123,user,
RB-9645,Robert Barroso,123,user,
MV-7485,Mark Van Huff,123,user,
BW-1200,Ben Wallace,123,user,
CC-2610,Corey Catlett,123,user,
BD-1560,Brendan Dodson,123,user,
CS-2505,Cindy Stewart,123,user,
VT-11700,Valerie Takahito,123,user,
MC-7845,Michael Chen,123,user,
KH-6690,Kristen Hastings,123,user,
VS-11820,Vivek Sundaresam,123,user,
NF-8475,Neil Französisch,123,user,
TB-11190,Thomas Brumley,123,user,
TS-11205,Thomas Seio,123,user,
TD-10995,Tamara Dahlen,123,user,
EB-3750,Edward Becker,123,user,
AH-690,Anna Häberlin,123,user,
TB-11280,Toby Braunhardt,123,user,
AM-705,Anne McFarland,123,user,
BD-1620,Brian DeCherney,123,user,
KF-6285,Karen Ferguson,123,user,
BE-1335,Bill Eplett,123,user,
HA-4905,Helen Abelman,123,user,
ND-8370,Natalie DeCherney,123,user,
AA-645,Anna Andreadi,123,user,
CC-2430,Chuck Clark,123,user,
PL-8925,Paul Lucas,123,user,
SO-10335,Sean O'Donnell,123,user,
AY-555,Andy Yotov,123,user,
JB-6000,Joy Bell-,123,user,
SN-10560,Skye Norling,123,user,
AH-465,Amy Hunt,123,user,
HW-4935,Helen Wasserman,123,user,
MC-7425,Mark Cousins,123,user,
BT-1680,Brian Thompson,123,user,
MG-7650,Matthew Grinstein,123,user,
CB-2415,Christy Brittain,123,user,
CK-2760,Cyma Kinney,123,user,
AG-330,Alex Grayson,123,user,
MK-8160,Mike Kennedy,123,user,
NC-8625,Noah Childs,123,user,
MO-7950,Michael Oakman,123,user,
HF-4995,Herbert Flentye,123,user,
SJ-10215,Sarah Jordon,123,user,
AO-810,Anthony O'Donnell,123,user,
RM-9375,Raymond Messe,123,user,
MM-8055,Michelle Moray,123,user,
DN-3690,Duane Noonan,123,user,
EB-3930,Eric Barreto,123,user,
NH-8610,Nicole Hansen,123,user,
EL-3735,Ed Ludwig,123,user,
PS-8760,Pamela Stobb,123,user,
ST-10530,Shui Tom,123,user,
RH-9510,Rick Huthwaite,123,user,
BD-1605,Brian Dahlen,123,user,
SC-10440,Shaun Chance,123,user,
CG-2040,Catherine Glotzbach,123,user,
TG-11310,Toby Gnade,123,user,
FO-4305,Frank Olsen,123,user,
CS-1950,Carlos Soltero,123,user,
LE-6810,Laurel Elliston,123,user,
DR-2880,Dan Reichenbach,123,user,
JR-5700,Jocasta Rupert,123,user,
MS-7710,Maurice Satty,123,user,
PM-8940,Paul MacIntyre,123,user,
AZ-750,Annie Zypern,123,user,
AA-375,Allen Armold,123,user,
FM-4290,Frank Merwin,123,user,
CR-2820,Cyra Reiten,123,user,
VB-11745,Victoria Brennan,123,user,
RH-19600,Rob Haberlin,123,user,
KH-6330,Katharine Harms,123,user,
ME-7725,Max Engle,123,user,
FA-4230,Frank Atkinson,123,user,
GM-4455,Gary Mitchum,123,user,
KH-6510,Keith Herrera,123,user,
CD-2790,Cynthia Delaney,123,user,
NB-8580,Nicole Brennan,123,user,
CS-2250,Chris Selesnick,123,user,
SP-10920,Susan Pistek,123,user,
TH-11100,Thea Hendricks,123,user,
DC-3285,Debra Catini,123,user,
CM-2655,Corinna Mitchell,123,user,
RF-9735,Roland Fjeld,123,user,
LH-6750,Larry Hughes,123,user,
JM-5265,Janet Molinari,123,user,
CS-1845,Cari Sayre,123,user,
CS-1860,Cari Schnelling,123,user,
BT-1485,Brad Thomas,123,user,
KB-6240,Karen Bern,123,user,
KB-6600,Ken Brennan,123,user,
LS-7230,Lycoris Saunders,123,user,
MS-7365,Maribeth Schnelling,123,user,
BG-1740,Bruce Geld,123,user,
HJ-4875,Heather Jas,123,user,
LR-6915,Lena Radford,123,user,
JW-6075,Julia West,123,user,
DJ-3420,Denny Joy,123,user,
SP-10650,Stephanie Phelps,123,user,
VM-21835,Vivian Mathis,123,user,
CM-1815,Candace McMahon,123,user,
MH-8025,Michelle Huthwaite,123,user,
RD-9480,Rick Duston,123,user,
PW-9030,Pauline Webber,123,user,
EB-4170,Evan Bailliet,123,user,
SM-10950,Suzanne McNair,123,user,
NP-8325,Naresj Patel,123,user,
MP-8175,Mike Pelletier,123,user,
CM-2160,Charles McCrossin,123,user,
NP-8700,Nora Preis,123,user,
BP-1185,Ben Peterman,123,user,
SW-10755,Steven Ward,123,user,
AC-450,Amy Cox,123,user,
SE-10110,Sanjit Engle,123,user,
BS-1365,Bill Shonely,123,user,
RM-9750,Roland Murray,123,user,
BT-1395,Bill Tyler,123,user,
BP-1155,Becky Pak,123,user,
GT-4635,Grant Thornton,123,user,
CM-1935,Carlos Meador,123,user,
RE-9405,Ricardo Emerson,123,user,
KS-6300,Karen Seio,123,user,
TS-11160,Theresa Swint,123,user,
ML-7395,Marina Lichtenstein,123,user,
BF-1170,Ben Ferrer,123,user,
NS-8640,Noel Staavos,123,user,
RB-9570,Rob Beeghly,123,user,
FM-4380,Fred McMath,123,user,
AG-300,Aleksandra Gannaway,123,user,
SW-10350,Sean Wendt,123,user,
JR-6210,Justin Ritter,123,user,
MD-7350,Maribeth Dona,123,user,
ML-7755,Max Ludwig,123,user,
HA-4920,Helen Andreada,123,user,
AS-45,Aaron Smayling,123,user,
BF-1215,Benjamin Farhat,123,user,
LH-6900,Lena Hernandez,123,user,
DP-3390,Dennis Pardue,123,user,
DH-3075,Dave Hallsten,123,user,
HM-4860,Harry Marie,123,user,
SB-10185,Sarah Brown,123,user,
RF-9840,Roy Französisch,123,user,
SV-10935,Susan Vittorini,123,user,
CS-2355,Christine Sundaresam,123,user,
GM-4695,Greg Maxwell,123,user,
AT-435,Alyssa Tate,123,user,
MC-8130,Mike Caudle,123,user,
FP-4320,Frank Preis,123,user,
DK-3225,Dean Katz,123,user,
VG-11790,Vivek Gonzalez,123,user,
LF-7185,Luke Foster,123,user,
NC-8535,Nick Crebassa,123,user,
DB-3405,Denny Blanton,123,user,
MH-8115,Mick Hernandez,123,user,
SA-10830,Sue Ann Reed,123,user,
JK-5640,Jim Kriz,123,user,
VF-11715,Vicky Freymann,123,user,
VW-11775,Victoria Wilson,123,user,
SN-10710,Steve Nguyen,123,user,
MS-7980,Michael Stewart,123,user,
AD-180,Alan Dominguez,123,user,
MC-8100,Mick Crebagga,123,user,
JB-5925,Joni Blumstein,123,user,
JC-5340,Jasper Cacioppo,123,user,
MF-7665,Maureen Fritzler,123,user,
RP-9270,Rachel Payne,123,user,
PF-9120,Peter Fuller,123,user,
DK-2895,Dana Kaydos,123,user,
RW-9630,Rob Williams,123,user,
TM-11490,Tony Molinari,123,user,
Co-2640,Corey-Lock,123,user,
EM-3810,Eleni McCrary,123,user,
JK-6090,Juliana Krohn,123,user,
JH-5430,Jennifer Halladay,123,user,
AR-405,Allen Rosenblatt,123,user,
TZ-11580,Tracy Zic,123,user,
BG-1035,Barry Gonzalez,123,user,
PS-9045,Penelope Sewall,123,user,
MS-7770,Maxwell Schwartz,123,user,
SS-10875,Sung Shariari,123,user,
DB-2970,Darren Budd,123,user,
SS-10515,Shirley Schmidt,123,user,
AW-930,Arthur Wiediger,123,user,
PK-8910,Paul Knutson,123,user,
GM-4440,Gary McGarr,123,user,
CY-2745,Craig Yedwab,123,user,
RW-9690,Robert Waldorf,123,user,
CC-2100,Chad Cunningham,123,user,
KD-6345,Katherine Ducich,123,user,
KN-6390,Katherine Nockton,123,user,
GT-4710,Greg Tran,123,user,
TS-11085,Thais Sissman,123,user,
RR-9525,Rick Reed,123,user,
MT-7815,Meg Tillman,123,user,
JA-5970,Joseph Airdo,123,user,
CB-2535,Claudia Bergmann,123,user,
AP-720,Anne Pryor,123,user,
SP-10860,Sung Pak,123,user,
IL-5100,Ivan Liston,123,user,
VD-11670,Valerie Dominguez,123,user,
EH-3765,Edward Hooks,123,user,
BS-1755,Bruce Stewart,123,user,
HL-5040,Hunter Lopez,123,user,
CA-2310,Christine Abelman,123,user,
AC-420,Alyssa Crouse,123,user,
CC-2145,Charles Crestani,123,user,
KB-6585,Ken Black,123,user,
JG-5115,Jack Garza,123,user,
GK-4620,Grace Kelly,123,user,
FW-4395,Fred Wasserman,123,user,
VM-11685,Valerie Mitchum,123,user,
RB-9360,Raymond Buch,123,user,
AG-495,Andrew Gjertsen,123,user,
IM-5070,Irene Maddox,123,user,
MC-7635,Matthew Clasen,123,user,
SH-10635,Stefanie Holloman,123,user,
KC-6540,Kelly Collister,123,user,
QJ-9255,Quincy Jones,123,user,
JK-5325,Jason Klamczynski,123,user,
AI-855,Arianne Irving,123,user,
SC-10095,Sanjit Chand,123,user,
CT-1995,Carol Triggs,123,user,
PJ-8835,Patrick Jones,123,user,
JM-6195,Justin MacKendrick,123,user,
CV-2295,Christina VanderZanden,123,user,
DB-3120,David Bremer,123,user,
NL-8310,Nancy Lomonaco,123,user,
BB-1545,Brenda Bowman,123,user,
BV-1245,Benjamin Venier,123,user,
BS-1380,Bill Stewart,123,user,
KA-6525,Kelly Andreada,123,user,
RB-9795,Ross Baird,123,user,
EP-3915,Emily Phan,123,user,
JS-5595,Jill Stevenson,123,user,
JE-5610,Jim Epp,123,user,
CJ-1875,Carl Jackson,123,user,
TH-11550,Tracy Hopkins,123,user,
HR-4830,Harold Ryan,123,user,
KC-6675,Kimberly Carter,123,user,
LS-7200,Luke Schmidt,123,user,
DL-2925,Daniel Lacy,123,user,
WB-11850,William Brown,123,user,
SJ-10500,Shirley Jackson,123,user,
DF-3135,David Flashing,123,user,
SZ-10035,Sam Zeldin,123,user,
CK-2205,Chloris Kastensmidt,123,user,
TM-11010,Tamara Manning,123,user,
FC-4335,Fred Chung,123,user,
GB-4530,George Bell,123,user,
BF-1275,Beth Fritzler,123,user,
NB-8655,Nona Balk,123,user,
EH-3990,Erica Hackney,123,user,
SP-10545,Sibella Parks,123,user,
Dp-3240,Dean percer,123,user,
LW-6825,Laurel Workman,123,user,
EN-3780,Edward Nazzal,123,user,
TZ-11445,Tom Zandusky,123,user,
KD-6615,Ken Dana,123,user,
LD-7005,Lisa DeCherney,123,user,
CL-1890,Carl Ludwig,123,user,
HG-4965,Henry Goldwyn,123,user,
BO-1350,Bill Overfelt,123,user,
YC-11895,Yoseph Carroll,123,user,
JM-5535,Jessica Myrick,123,user,
RA-9885,Ruben Ausman,123,user,
KM-6660,Khloe Miller,123,user,
DW-3585,Dorothy Wardle,123,user,
TS-11655,Trudy Schmidt,123,user,
RK-9300,Ralph Kennedy,123,user,
SC-10020,Sam Craven,123,user,
AG-390,Allen Goldenen,123,user,
AT-735,Annie Thurman,123,user,
JW-5955,Joni Wasserman,123,user,
AF-885,Art Foster,123,user,
KB-6405,Katrina Bavinger,123,user,
BP-1290,Beth Paige,123,user,
OT-8730,Olvera Toch,123,user,
LS-6975,Lindsay Shagiari,123,user,
GD-4590,Giulietta Dortch,123,user,
MP-7965,Michael Paige,123,user,
DS-3180,David Smith,123,user,
ED-3885,Emily Ducich,123,user,
NZ-8565,Nick Zandusky,123,user,
JG-5805,John Grady,123,user,
EB-3870,Emily Burns,123,user,
BG-1695,Brooke Gillingham,123,user,
SR-10425,Sharelle Roach,123,user,
AS-90,Adam Shillingsburg,123,user,
SP-10620,Stefania Perrino,123,user,
SH-10395,Shahid Hopkins,123,user,
AR-540,Andy Reiter,123,user,
CM-2235,Chris McAfee,123,user,
AS-225,Alan Schoenberger,123,user,
RA-9915,Russell Applegate,123,user,
RS-9420,Ricardo Sperren,123,user,
TN-11040,Tanja Norvell,123,user,
VP-11730,Victor Preis,123,user,
KW-6435,Katrina Willman,123,user,
PP-8955,Paul Prost,123,user,
SC-10575,Sonia Cooley,123,user,
ML-7410,Maris LaWare,123,user,
CJ-2010,Caroline Jumper,123,user,
FG-4260,Frank Gastineau,123,user,
TW-11025,Tamara Willingham,123,user,
DB-3210,Dean Braden,123,user,
EA-4035,Erin Ashbrook,123,user,
EM-3825,Elizabeth Moffitt,123,user,
TB-11355,Todd Boyes,123,user,
ME-8010,Michelle Ellison,123,user,
JE-5715,Joe Elijah,123,user,
MC-7605,Matt Connell,123,user,
FH-4350,Fred Harton,123,user,
BC-1125,Becky Castell,123,user,
MG-7875,Michael Grace,123,user,
FH-4275,Frank Hawley,123,user,
DK-2985,Darren Koutras,123,user,
BK-1260,Berenike Kampe,123,user,
MP-7470,Mark Packer,123,user,
SC-10800,Stuart Calhoun,123,user,
BD-1500,Bradley Drucker,123,user,
RC-9825,Roy Collins,123,user,
MG-7890,Michael Granlund,123,user,
ZC-11910,Zuschuss Carroll,123,user,
ADM-001,admin,admin123,admin,
T-5878,Tuantai,1235,user,anhtaimonkey222@gmail.com
MD-4788,Minh Duc,1234,user,
HN-4335,Hoang Nam,1234,user,anhtaimonkey222@gmail.com
